{
  "AL": {
    "stats": {
      "correlation_coef": 0.9160981317216305,
      "correlation_sample": 13,
      "average_spending": 641724.5292307693,
      "topspender_share": 0.9722924571914308
    }
  },
  "AK": {
    "stats": {
      "correlation_coef": 0.8601835480805033,
      "correlation_sample": 5,
      "average_spending": 4113447.7739999993,
      "topspender_share": 0.6580935768673137
    }
  },
  "AZ": {
    "stats": {
      "correlation_coef": 0.9132987892519453,
      "correlation_sample": 18,
      "average_spending": 1089008.0077777777,
      "topspender_share": 0.8404248183071976
    }
  },
  "AR": {
    "stats": {
      "correlation_coef": 0.9366053020697425,
      "correlation_sample": 10,
      "average_spending": 3457344.6859999998,
      "topspender_share": 0.6629407933098452
    }
  },
  "CA": {
    "stats": {
      "correlation_coef": 0.8263143352736015,
      "correlation_sample": 98,
      "average_spending": 930198.7131632653,
      "topspender_share": 0.8591583687319143
    }
  },
  "CO": {
    "stats": {
      "correlation_coef": 0.8105854232766053,
      "correlation_sample": 19,
      "average_spending": 2535134.025,
      "topspender_share": 0.7666611268631416
    }
  },
  "CT": {
    "stats": {
      "correlation_coef": 0.9909935368300219,
      "correlation_sample": 10,
      "average_spending": 1063738.613,
      "topspender_share": 0.8150532937634031
    }
  },
  "DE": {
    "stats": {
      "correlation_coef": 0.9761450933359075,
      "correlation_sample": 4,
      "average_spending": 1316555.7575,
      "topspender_share": 0.9824305275606553
    }
  },
  "FL": {
    "stats": {
      "correlation_coef": 0.8662951589281924,
      "correlation_sample": 48,
      "average_spending": 849096.6294545454,
      "topspender_share": 0.8957028056841478
    }
  },
  "GA": {
    "stats": {
      "correlation_coef": 0.8638237588571639,
      "correlation_sample": 24,
      "average_spending": 1921747.7120833334,
      "topspender_share": 0.9269994155109073
    }
  },
  "HI": {
    "stats": {
      "correlation_coef": 0.9825550281742204,
      "correlation_sample": 5,
      "average_spending": 1718356.316,
      "topspender_share": 0.8562384084809943
    }
  },
  "ID": {
    "stats": {
      "correlation_coef": 0.8594013449777832,
      "correlation_sample": 6,
      "average_spending": 836689.4283333333,
      "topspender_share": 0.7997801313518891
    }
  },
  "IL": {
    "stats": {
      "correlation_coef": 0.8223464446366575,
      "correlation_sample": 36,
      "average_spending": 1337503.0424324325,
      "topspender_share": 0.8574653693933243
    }
  },
  "IN": {
    "stats": {
      "correlation_coef": 0.7126265938409153,
      "correlation_sample": 20,
      "average_spending": 464164.1639999999,
      "topspender_share": 0.8001090324331657
    }
  },
  "IA": {
    "stats": {
      "correlation_coef": 0.7785802618383747,
      "correlation_sample": 11,
      "average_spending": 3353727.0018181815,
      "topspender_share": 0.5637471586140332
    }
  },
  "KS": {
    "stats": {
      "correlation_coef": 0.9687888717356616,
      "correlation_sample": 10,
      "average_spending": 2301204.707,
      "topspender_share": 0.8060290150049312
    }
  },
  "KY": {
    "stats": {
      "correlation_coef": 0.9598465884168058,
      "correlation_sample": 13,
      "average_spending": 4260937.3261538455,
      "topspender_share": 0.8459293319467963
    }
  },
  "LA": {
    "stats": {
      "correlation_coef": 0.9486258339902613,
      "correlation_sample": 27,
      "average_spending": 1845430.125185185,
      "topspender_share": 0.7338617600795263
    }
  },
  "ME": {
    "stats": {
      "correlation_coef": 0.9178339992566285,
      "correlation_sample": 8,
      "average_spending": 1487949.28,
      "topspender_share": 0.7233165066112784
    }
  },
  "MD": {
    "stats": {
      "correlation_coef": 0.8143373406767996,
      "correlation_sample": 15,
      "average_spending": 629512.425625,
      "topspender_share": 0.8844494568338526
    }
  },
  "MA": {
    "stats": {
      "correlation_coef": 0.8899854144333541,
      "correlation_sample": 15,
      "average_spending": 1861021.4646666667,
      "topspender_share": 0.9090281665401623
    }
  },
  "MI": {
    "stats": {
      "correlation_coef": 0.8694002717227317,
      "correlation_sample": 29,
      "average_spending": 1676373.871724138,
      "topspender_share": 0.8507111889697228
    }
  },
  "MN": {
    "stats": {
      "correlation_coef": 0.8582604696642251,
      "correlation_sample": 20,
      "average_spending": 2537325.0064999997,
      "topspender_share": 0.7942505451536399
    }
  },
  "MS": {
    "stats": {
      "correlation_coef": 0.9306115845550246,
      "correlation_sample": 9,
      "average_spending": 1369081.5555555555,
      "topspender_share": 0.9724517534871511
    }
  },
  "MO": {
    "stats": {
      "correlation_coef": 0.9204839946333283,
      "correlation_sample": 16,
      "average_spending": 454576.3231250001,
      "topspender_share": 0.9398597067328299
    }
  },
  "MT": {
    "stats": {
      "correlation_coef": 0.9851207371661782,
      "correlation_sample": 4,
      "average_spending": 3432311.6675000004,
      "topspender_share": 0.807547048786333
    }
  },
  "NE": {
    "stats": {
      "correlation_coef": 0.9109479667697085,
      "correlation_sample": 10,
      "average_spending": 1283645.2289999998,
      "topspender_share": 0.8281662081440806
    }
  },
  "NV": {
    "stats": {
      "correlation_coef": 0.7916729288958105,
      "correlation_sample": 8,
      "average_spending": 841130.7525000001,
      "topspender_share": 0.8387399143428472
    }
  },
  "NH": {
    "stats": {
      "correlation_coef": 0.8101046869202395,
      "correlation_sample": 6,
      "average_spending": 5495216.17,
      "topspender_share": 0.6578097051036486
    }
  },
  "NJ": {
    "stats": {
      "correlation_coef": 0.8763027794040809,
      "correlation_sample": 25,
      "average_spending": 1486215.6592592592,
      "topspender_share": 0.8843814503899641
    }
  },
  "NM": {
    "stats": {
      "correlation_coef": 0.8809959231293307,
      "correlation_sample": 8,
      "average_spending": 2125385.73875,
      "topspender_share": 0.7379246212703585
    }
  },
  "NY": {
    "stats": {
      "correlation_coef": 0.597996855334613,
      "correlation_sample": 46,
      "average_spending": 1308087.41326087,
      "topspender_share": 0.8354989800475193
    }
  },
  "NC": {
    "stats": {
      "correlation_coef": 0.8226785667110039,
      "correlation_sample": 28,
      "average_spending": 1707681.0060714285,
      "topspender_share": 0.861913727545442
    }
  },
  "ND": {
    "stats": {
      "correlation_coef": 0.9989701144251452,
      "correlation_sample": 3,
      "average_spending": 795990.6533333333,
      "topspender_share": 0.6147703635515049
    }
  },
  "OH": {
    "stats": {
      "correlation_coef": 0.9127547792344075,
      "correlation_sample": 27,
      "average_spending": 968595.7051851852,
      "topspender_share": 0.9158174546713181
    }
  },
  "OK": {
    "stats": {
      "correlation_coef": 0.8690522208718706,
      "correlation_sample": 10,
      "average_spending": 1270141.2181818185,
      "topspender_share": 0.8856908095576942
    }
  },
  "OR": {
    "stats": {
      "correlation_coef": 0.917196486995413,
      "correlation_sample": 12,
      "average_spending": 1833582.2666666666,
      "topspender_share": 0.8747592769651482
    }
  },
  "PA": {
    "stats": {
      "correlation_coef": 0.8702403356572932,
      "correlation_sample": 33,
      "average_spending": 724889.9415151515,
      "topspender_share": 0.8613352214450042
    }
  },
  "RI": {
    "stats": {
      "correlation_coef": 0.9510814619675038,
      "correlation_sample": 6,
      "average_spending": 1065041.5083333335,
      "topspender_share": 0.9840470644831045
    }
  },
  "SC": {
    "stats": {
      "correlation_coef": 0.8593948682550804,